[{"@type":"mappingTemplate","id":"@1","name":"m_ff_ff","description":"","bundleVersion":"0","assetFrsGuid":"3PKL8vtlDTvkSS8tKelZK4","templateId":"@3","deployTime":1733143649000,"hasParameters":false,"valid":true,"fixedConnection":true,"hasParametersDeployed":false,"fixedConnectionDeployed":true,"isSchemaValidationEnabled":false,"tasks":1,"mappingPreviewFileRecordId":"@2","documentType":"MAPPING","references":[{"@type":"reference","refObjectId":"@ahZ8H9YpckckK9exshyZKY","refType":"connection"}]}]