[{"@type":"mappingTemplate","id":"@1","name":"m_ff_ff","description":"","bundleVersion":"0","assetFrsGuid":"dcupXc3DSEiltWUSimheGZ","templateId":"@3","deployTime":1733312795000,"hasParameters":false,"valid":true,"fixedConnection":true,"hasParametersDeployed":false,"fixedConnectionDeployed":true,"isSchemaValidationEnabled":false,"tasks":1,"mappingPreviewFileRecordId":"@2","documentType":"MAPPING","references":[{"@type":"reference","refObjectId":"@4ktO5neSbVojBqnBW7l10A","refType":"connection"}]}]