[{"@type":"mappingTemplate","id":"@1","name":"m_ff_ff","description":"","autoExpireObject":false,"bundleVersion":"0","assetFrsGuid":"20yja4SeAyNgoB6nqsaMUT","templateId":"@3","deployTime":1734340836000,"hasParameters":false,"valid":true,"fixedConnection":true,"hasParametersDeployed":false,"fixedConnectionDeployed":true,"isSchemaValidationEnabled":false,"tasks":1,"mappingPreviewFileRecordId":"@2","documentType":"MAPPING","references":[{"@type":"reference","refObjectId":"@4ktO5neSbVojBqnBW7l10A","refType":"connection"}]}]