[{"@type":"mappingTemplate","id":"@1","name":"Lookup","description":"","bundleVersion":"0","templateId":"@3","deployTime":1658764100000,"hasParameters":false,"valid":false,"fixedConnection":true,"hasParametersDeployed":false,"fixedConnectionDeployed":true,"tasks":0,"mappingPreviewFileRecordId":"@2","documentType":"MAPPING","references":[{"@type":"reference","refObjectId":"@5RaB69zOnnLhMuuStxACOn","refType":"connection"},{"@type":"reference","refObjectId":"@4VVOo4usLo4fVN3JNTx9mH","refType":"connection"}]}]