[{"@type":"mappingTemplate","id":"@1","name":"m_1","description":"","bundleVersion":"0","templateId":"@3","deployTime":1655919864000,"hasParameters":false,"valid":true,"fixedConnection":true,"hasParametersDeployed":false,"fixedConnectionDeployed":true,"tasks":0,"mappingPreviewFileRecordId":"@2","documentType":"MAPPING","references":[{"@type":"reference","refObjectId":"@5RaB69zOnnLhMuuStxACOn","refType":"connection"},{"@type":"reference","refObjectId":"@0GhSCinrTD0fDFMBiHu7S8","refType":"connection"}]}]